RouteName,Email,Column1
BRC-tbz02 wk 1,invoice@swvp.com,18078
BRC-tbz02 wk 2,invoice@swvp.com,18078
BRC-tbz02 wk 3,invoice@swvp.com,18078
BRC-tbz02 wk 4,invoice@swvp.com,18078
BRC-tbz02 wk 1,Frederick.oneal@cushwake.com,18105
BRC-tbz02 wk 2,Frederick.oneal@cushwake.com,18105
BRC-tbz02 wk 3,Frederick.oneal@cushwake.com,18105
BRC-tbz02 wk 4,Frederick.oneal@cushwake.com,18105
BRC-rbz02 week 2,AP_Nashville@highwoods.com,17927
BRC-rbz02 week 4,AP_Nashville@highwoods.com,17927
BRC-tbz01 week 1,ap@4patriots.com,18103
BRC-tbz01 week 3,ap@4patriots.com,18103
BRC-fbz01 week 1,smcgilberry@nashvillesports.com,18016
BRC-fbz01 week 3,smcgilberry@nashvillesports.com,18016
BRC-fbz01 week 4,smcgilberry@nashvillesports.com,18016
BRC-fbz01 week 2,Lamont.Hill@jll.com,18059
BRC-fbz01 week 4,Lamont.Hill@jll.com,18059
BRC-tbz01 week 2,billing@6thmanmovers.com,17934
BRC-tbz01 week 4,billing@6thmanmovers.com,17934
BRC-rbz02 week 1,mary@accentinbrentwood.com,17936
BRC-rbz02 week 3,mary@accentinbrentwood.com,17936
BRC-wbz01 week 1,cassandra.a.fuller@accenture.com,18174
BRC-wbz01 week 3,cassandra.a.fuller@accenture.com,18174
BRC-tbz01 week 2,kjohnson@acceptanceinsurance.com,17982
BRC-tbz01 week 4,kjohnson@acceptanceinsurance.com,17982
BRC-tbz01 week 2,adina@accuworks.com,18068
BRC-tbz01 week 4,adina@accuworks.com,18068
BRC-tbz01 week 3,accounting@acumentechnoloy.com,18081
BRC-tbz01 week 1,madams@af247.com,18162
BRC-tbz01 week 2,madams@af247.com,18162
BRC-tbz01 week 3,madams@af247.com,18162
BRC-tbz01 week 4,madams@af247.com,18162
BRC-rbz02 week 2,abaker@advocacytrust.com,18173
BRC-rbz02 week 4,abaker@advocacytrust.com,18173
BRC-mcm01 week 1,kanda.hyde@aecom.com,18146
BRC-mcm01 week 3,kanda.hyde@aecom.com,18146
BRC-tbz01 week 1,eescamilla@aegpresents.com,18030
BRC-tbz01 week 3,eescamilla@aegpresents.com,18030
BRC-tbz01 week 1,dalcaraz@alfredwilliams.com,17937
BRC-tbz01 week 2,dalcaraz@alfredwilliams.com,17937
BRC-tbz01 week 3,dalcaraz@alfredwilliams.com,17937
BRC-tbz01 week 4,dalcaraz@alfredwilliams.com,17937
BRC-wbz02 week 2,dspeer@argretailers.com,17938
BRC-wbz02 week 4,dspeer@argretailers.com,17938
BRC-tbz02 wk 2,andrea@altoira.com,18130
BRC-tbz02 wk 4,andrea@altoira.com,18130
BRC-fbz01 week 1,Elizabeth.Alevizos@cbre.com,18128
BRC-fbz01 week 2,Elizabeth.Alevizos@cbre.com,18128
BRC-fbz01 week 3,Elizabeth.Alevizos@cbre.com,18128
BRC-fbz01 week 4,Elizabeth.Alevizos@cbre.com,18128
BRC-tbz02 wk 1,Elizabeth.Alevizos@cbre.com,18128
BRC-tbz02 wk 2,Elizabeth.Alevizos@cbre.com,18128
BRC-tbz02 wk 3,Elizabeth.Alevizos@cbre.com,18128
BRC-tbz02 wk 4,Elizabeth.Alevizos@cbre.com,18128
BRC-tbz01 week 1,eric.courtade@amedisys.com,17128
BRC-tbz01 week 2,eric.courtade@amedisys.com,17128
BRC-tbz01 week 3,eric.courtade@amedisys.com,17128
BRC-tbz01 week 4,eric.courtade@amedisys.com,17128
BRC-tbz01 week 2,KAT.CARTER@abrholdings.COM,17939
BRC-tbz01 week 4,KAT.CARTER@abrholdings.COM,17939
BRC-fbz01 week 1,abynum@cri-us.com,17940
BRC-fbz01 week 2,abynum@cri-us.com,17940
BRC-fbz01 week 3,abynum@cri-us.com,17940
BRC-fbz01 week 4,abynum@cri-us.com,17940
BRC-wbz01 week 1,abynum@cri-us.com,17940
BRC-wbz01 week 2,abynum@cri-us.com,17940
BRC-wbz01 week 3,abynum@cri-us.com,17940
BRC-wbz01 week 4,abynum@cri-us.com,17940
BRC-rbz02 week 2,mmccall@americanconstructors.us,17941
BRC-rbz02 week 4,mmccall@americanconstructors.us,17941
BRC-tbz03 week 1,baileyl@americanstandard.com,17942
BRC-tbz03 week 3,baileyl@americanstandard.com,17942
BRC-tbz01 week 1,martin@andersonpiping.com,17943
BRC-tbz01 week 3,martin@andersonpiping.com,17943
BRC-rcm01 week 1,dnordquist@anecdotexp.com,18124
BRC-rcm01 week 2,dnordquist@anecdotexp.com,18124
BRC-rcm01 week 3,dnordquist@anecdotexp.com,18124
BRC-rcm01 week 4,dnordquist@anecdotexp.com,18124
BRC-rbz02 week 2,Cboczulak@apexsystemsinc.com,18043
BRC-rbz02 week 4,Cboczulak@apexsystemsinc.com,18043
BRC-wbz02 week 1,emcnamara@apclp.com,17243
BRC-wbz02 week 2,emcnamara@apclp.com,17243
BRC-wbz02 week 3,emcnamara@apclp.com,17243
BRC-wbz02 week 4,emcnamara@apclp.com,17243
BRC-rbz02 week 2,twilson@aquaeter.com,17944
BRC-mcm01 week 2,tracey.riggenbach@arcelormittal.com,18179
BRC-mcm01 week 4,tracey.riggenbach@arcelormittal.com,18179
BRC-wbz01 week 1,aharvey3@wm.com,17945
BRC-wbz01 week 2,aharvey3@wm.com,17945
BRC-wbz01 week 3,aharvey3@wm.com,17945
BRC-wbz01 week 4,aharvey3@wm.com,17945
BRC-wbz01 week 1,HubGlobalSuppliers@hubinternational.com,18003
BRC-wbz01 week 3,HubGlobalSuppliers@hubinternational.com,18003
BRC-fbz01 week 2,emathis@banccard.com,17947
BRC-fbz01 week 4,emathis@banccard.com,17947
BRC-rbz02 week 1,canthony@bankdirector.com,17948
BRC-rbz02 week 3,canthony@bankdirector.com,17948
BRC-rbz02 week 1,invoices@rubicon.com,18462
BRC-rbz02 week 2,invoices@rubicon.com,18462
BRC-rbz02 week 3,invoices@rubicon.com,18462
BRC-rbz02 week 4,invoices@rubicon.com,18462
BRC-mcm01 week 1,invoices@rubicon.com,18462
BRC-mcm01 week 3,invoices@rubicon.com,18462
BRC-mcm02 week 1-1,invoices@rubicon.com,18462
BRC-mcm02 week 3-1,invoices@rubicon.com,18462
BRC-wbz02 week 2,invoices@rubicon.com,18462
BRC-wbz02 week 4,invoices@rubicon.com,18462
BRC-wbz02 week 4,invoices@rubicon.com,18462
BRC-wbz02 week 2,invoices@rubicon.com,18462
BRC-wbz02 week 4,invoices@rubicon.com,18462
BRC-mcm02 week 1-1,invoices@rubicon.com,18462
BRC-mcm02 week 3-1,invoices@rubicon.com,18462
BRC-glass01 week 1-4,Finance@roadrunnerwm.com,18165
BRC-glass01 week 2-4,Finance@roadrunnerwm.com,18165
BRC-glass01 week 3-4,Finance@roadrunnerwm.com,18165
BRC-glass01 week 4-4,Finance@roadrunnerwm.com,18165
BRC-rcm01 week 1,Finance@roadrunnerwm.com,18165
BRC-rcm01 week 2,Finance@roadrunnerwm.com,18165
BRC-rcm01 week 3,Finance@roadrunnerwm.com,18165
BRC-rcm01 week 4,Finance@roadrunnerwm.com,18165
BRC-wbz01 week 1,utilities@bluepearlvet.com,17950
BRC-wbz01 week 2,utilities@bluepearlvet.com,17950
BRC-wbz01 week 3,utilities@bluepearlvet.com,17950
BRC-wbz01 week 4,utilities@bluepearlvet.com,17950
BRC-rbz02 week 2,lhall@bluwave.net,18141
BRC-rbz02 week 4,lhall@bluwave.net,18141
BRC-tbz01 week 1,paula.nelson@bmg.com,18170
BRC-tbz01 week 3,paula.nelson@bmg.com,18170
BRC-tbz01 week 3,bormanrec@bormantn.com,17951
BRC-rbz02 week 2,fchildress@brookdaleliving.com,17928
BRC-tbz03 week 1,wraines@brwncald.com,18102
BRC-tbz03 week 3,wraines@brwncald.com,18102
BRC-mcm01 week 1,snicholson@buergerlaw.com,18177
BRC-mcm01 week 3,snicholson@buergerlaw.com,18177
BRC-wbz01 week 1,accountspayable@bufex.com,18104
BRC-wbz01 week 2,accountspayable@bufex.com,18104
BRC-wbz01 week 3,accountspayable@bufex.com,18104
BRC-wbz01 week 4,accountspayable@bufex.com,18104
BRC-tbz01 week 1,moneke.burks@getbuilt.com,18139
BRC-tbz01 week 2,moneke.burks@getbuilt.com,18139
BRC-tbz01 week 3,moneke.burks@getbuilt.com,18139
BRC-tbz01 week 4,moneke.burks@getbuilt.com,18139
BRC-rbz02 week 2,tbulso@bulso.com,18096
BRC-rbz02 week 4,tbulso@bulso.com,18096
BRC-tbz02 wk 1,jon.tate@caa.com,18061
BRC-tbz02 wk 3,jon.tate@caa.com,18061
BRC-tbz01 week 1,kdrenth@ccorpusa.com,18397
BRC-tbz01 week 3,kdrenth@ccorpusa.com,18397
BRC-rbz02 week 2,rebecca.cherman@captrust.com,18075
BRC-rbz02 week 4,rebecca.cherman@captrust.com,18075
BRC-rbz02 week 1,daniel.woods@cardiopartners.com,18133
BRC-rbz02 week 2,daniel.woods@cardiopartners.com,18133
BRC-rbz02 week 3,daniel.woods@cardiopartners.com,18133
BRC-rbz02 week 4,daniel.woods@cardiopartners.com,18133
BRC-tbz02 wk 2,Lwinters@caresupplyco.com,18065
BRC-tbz02 wk 4,Lwinters@caresupplyco.com,18065
BRC-tbz03 week 1,CenterstoneAP@centerstone.org,17953
BRC-tbz03 week 3,CenterstoneAP@centerstone.org,17953
BRC-tbz03 week 1,deborkin@centricarchitecture.com,17954
BRC-tbz03 week 2,deborkin@centricarchitecture.com,17954
BRC-tbz03 week 3,deborkin@centricarchitecture.com,17954
BRC-tbz03 week 4,deborkin@centricarchitecture.com,17954
BRC-tbz03 week 2,dewayne.barnett@changehealthcare.com,17965
BRC-tbz03 week 4,dewayne.barnett@changehealthcare.com,17965
BRC-tbz01 week 2,rweaver@chco.com,17955
BRC-tbz01 week 4,rweaver@chco.com,17955
BRC-tbz02 wk 4,kcarden@chipsi.org,18098
BRC-tbz02 wk 1,MMCQUEEN@CHRISTCATHEDRAL.ORG,17956
BRC-tbz02 wk 2,MMCQUEEN@CHRISTCATHEDRAL.ORG,17956
BRC-tbz02 wk 3,MMCQUEEN@CHRISTCATHEDRAL.ORG,17956
BRC-tbz02 wk 4,MMCQUEEN@CHRISTCATHEDRAL.ORG,17956
BRC-rbz02 week 2,anna.pennesi@citi.com,17957
BRC-rbz02 week 4,anna.pennesi@citi.com,17957
BRC-tbz02 wk 2,greg@cjadvertising.com,18058
BRC-tbz02 wk 4,greg@cjadvertising.com,18058
BRC-tbz01 week 2,accountspayable@thecomfortgroup.com,17959
BRC-tbz01 week 4,accountspayable@thecomfortgroup.com,17959
BRC-rbz02 week 1,kscheib@COM-INS.com,17960
BRC-rbz02 week 3,kscheib@COM-INS.com,17960
BRC-mcm01 week 1,accountspayable@chct.reit,18083
BRC-mcm01 week 2,accountspayable@chct.reit,18083
BRC-mcm01 week 3,accountspayable@chct.reit,18083
BRC-mcm01 week 4,accountspayable@chct.reit,18083
BRC-mcm02 week 2-1,kburkholder@compassroseevents.com,18057
BRC-rbz02 week 1,kelly.lowry@Consilio.com,18069
BRC-rbz02 week 3,kelly.lowry@Consilio.com,18069
BRC-rbz02 week 1,kelly.lowry@Consilio.com,18069
BRC-rbz02 week 3,kelly.lowry@Consilio.com,18069
BRC-mcm01 week 1,jpartin@csimp.net,18054
BRC-mcm01 week 3,jpartin@csimp.net,18054
BRC-tbz03 week 2,bpfrancis@cclawtn.com,18156
BRC-tbz03 week 4,bpfrancis@cclawtn.com,18156
BRC-wbz01 week 1,reception@cmaworld.com,17961
BRC-wbz01 week 3,reception@cmaworld.com,17961
BRC-mcm01 week 1,graciela@crema-coffee.com,18182
BRC-mcm01 week 2,graciela@crema-coffee.com,18182
BRC-mcm01 week 3,graciela@crema-coffee.com,18182
BRC-mcm01 week 4,graciela@crema-coffee.com,18182
BRC-rcm01 week 1,RACHEL@CREMA-COFFEE.COM,18506
BRC-rcm01 week 2,RACHEL@CREMA-COFFEE.COM,18506
BRC-rcm01 week 3,RACHEL@CREMA-COFFEE.COM,18506
BRC-rcm01 week 4,RACHEL@CREMA-COFFEE.COM,18506
BRC-tbz03 week 1,rachel@crema-coffee.com,18506
BRC-tbz03 week 2,rachel@crema-coffee.com,18506
BRC-tbz03 week 3,rachel@crema-coffee.com,18506
BRC-tbz03 week 4,rachel@crema-coffee.com,18506
BRC-rbz02 week 3,cindy.lattanzi@crowe.com,17929
BRC-tbz02 wk 2,accountspayable@dzlmanagement.com,17930
BRC-tbz02 wk 4,accountspayable@dzlmanagement.com,17930
BRC-rbz02 week 1,facilities@curraxpharma.com,18095
BRC-rbz02 week 2,facilities@curraxpharma.com,18095
BRC-rbz02 week 3,facilities@curraxpharma.com,18095
BRC-rbz02 week 4,facilities@curraxpharma.com,18095
BRC-tbz01 week 1,tanika@daleandassociates.net,17931
BRC-tbz01 week 2,tanika@daleandassociates.net,17931
BRC-tbz01 week 3,tanika@daleandassociates.net,17931
BRC-tbz01 week 4,tanika@daleandassociates.net,17931
BRC-tbz01 week 2,donald.moore@dciinc.org,18048
BRC-tbz01 week 4,donald.moore@dciinc.org,18048
BRC-rcm01 week 2,stephanie@mpmnashville.com,18161
BRC-tbz02 wk 1,Bonnie.Cash@finnpartners.com,17932
BRC-tbz02 wk 3,Bonnie.Cash@finnpartners.com,17932
BRC-wbz01 week 1,accountspayable@epluscancercare.com,17964
BRC-wbz01 week 3,accountspayable@epluscancercare.com,17964
BRC-mcm01 week 2,e523nj@erac.com,18171
BRC-mcm01 week 4,e523nj@erac.com,18171
BRC-mcm01 week 3,accounting@enviroscienceinc.com,18056
BRC-wbz02 week 2,creguli@comcast.net,18164
BRC-wbz02 week 4,creguli@comcast.net,18164
BRC-rcm01 week 1,mark@espaces.com,18074
BRC-rcm01 week 3,mark@espaces.com,18074
BRC-fbz01 week 1,accounting@ESSNashville.com,17968
BRC-fbz01 week 3,accounting@ESSNashville.com,17968
BRC-tbz02 wk 1,accountspayable@fcsnashville.org,17969
BRC-tbz02 wk 2,accountspayable@fcsnashville.org,17969
BRC-tbz02 wk 3,accountspayable@fcsnashville.org,17969
BRC-tbz02 wk 4,accountspayable@fcsnashville.org,17969
BRC-tbz03 week 4,parodriguez@fedex.com,17970
BRC-mcm02 week 1-1,invoices@rubicon.com,18462
BRC-mcm02 week 2-1,invoices@rubicon.com,18462
BRC-mcm02 week 3-1,invoices@rubicon.com,18462
BRC-mcm02 week 4-1,invoices@rubicon.com,18462
BRC-mcm01 week 1,invoices@rubicon.com,18462
BRC-mcm01 week 2,invoices@rubicon.com,18462
BRC-mcm01 week 3,invoices@rubicon.com,18462
BRC-mcm01 week 4,invoices@rubicon.com,18462
BRC-wbz01 week 1,invoices@rubicon.com,18462
BRC-wbz01 week 3,invoices@rubicon.com,18462
BRC-wbz02 week 1,invoices@rubicon.com,18462
BRC-wbz02 week 2,invoices@rubicon.com,18462
BRC-wbz02 week 3,invoices@rubicon.com,18462
BRC-wbz02 week 4,invoices@rubicon.com,18462
BRC-wbz02 week 1,invoices@rubicon.com,18462
BRC-wbz02 week 2,invoices@rubicon.com,18462
BRC-wbz02 week 3,invoices@rubicon.com,18462
BRC-wbz02 week 4,invoices@rubicon.com,18462
BRC-wbz02 week 1,invoices@rubicon.com,18462
BRC-wbz02 week 2,invoices@rubicon.com,18462
BRC-wbz02 week 3,invoices@rubicon.com,18462
BRC-wbz02 week 4,invoices@rubicon.com,18462
BRC-mcm02 week 2-1,invoices@rubicon.com,18462
BRC-mcm02 week 4-1,invoices@rubicon.com,18462
BRC-mcm02 week 2-1,invoices@rubicon.com,18462
BRC-mcm02 week 4-1,invoices@rubicon.com,18462
BRC-tbz02 wk 1,invoices@rubicon.com,18462
BRC-tbz02 wk 2,invoices@rubicon.com,18462
BRC-tbz02 wk 3,invoices@rubicon.com,18462
BRC-tbz02 wk 4,invoices@rubicon.com,18462
BRC-tbz02 wk 1,5thandbroadway@brookfieldproperties.com,18092
BRC-tbz02 wk 3,5thandbroadway@brookfieldproperties.com,18092
BRC-wbz02 week 3,dwigart@nfcn.org,18093
BRC-mcm02 week 1-1,brandon.robinson@franke.com,18085
BRC-mcm02 week 2-1,brandon.robinson@franke.com,18085
BRC-mcm02 week 3-1,brandon.robinson@franke.com,18085
BRC-mcm02 week 4-1,brandon.robinson@franke.com,18085
BRC-rbz02 week 1,emilymarlar@franklinderm.net,18027
BRC-rbz02 week 2,emilymarlar@franklinderm.net,18027
BRC-rbz02 week 3,emilymarlar@franklinderm.net,18027
BRC-rbz02 week 4,emilymarlar@franklinderm.net,18027
BRC-rcm01 week 1,paula.burns@freemanwebb.com,17997
BRC-rcm01 week 3,paula.burns@freemanwebb.com,17997
BRC-tbz03 week 1,jesse@mmmthatsfresh.com,18148
BRC-tbz03 week 3,jesse@mmmthatsfresh.com,18148
BRC-tbz02 wk 2,kparrish@fristartmuseum.org,18153
BRC-tbz02 wk 4,kparrish@fristartmuseum.org,18153
BRC-wbz02 week 1,becky.frizzell@comcast.net,18106
BRC-wbz02 week 2,becky.frizzell@comcast.net,18106
BRC-wbz02 week 3,becky.frizzell@comcast.net,18106
BRC-wbz02 week 4,becky.frizzell@comcast.net,18106
BRC-rbz02 week 2,Mick.Wrigley@avisonyoung.com,18079
BRC-rbz02 week 4,Mick.Wrigley@avisonyoung.com,18079
BRC-tbz03 week 1,dbest@opry.com,18026
BRC-tbz03 week 2,dbest@opry.com,18026
BRC-tbz03 week 3,dbest@opry.com,18026
BRC-tbz03 week 4,dbest@opry.com,18026
BRC-tbz03 week 1,kmartin@rymanhp.com,17979
BRC-tbz03 week 2,kmartin@rymanhp.com,17979
BRC-tbz03 week 3,kmartin@rymanhp.com,17979
BRC-tbz03 week 4,kmartin@rymanhp.com,17979
BRC-wbz01 week 1,dewayne.mccroskey@geodis.com,18087
BRC-wbz01 week 2,dewayne.mccroskey@geodis.com,18087
BRC-wbz01 week 3,dewayne.mccroskey@geodis.com,18087
BRC-wbz01 week 4,dewayne.mccroskey@geodis.com,18087
BRC-mcm02 week 2-1,roxanne.irvin@gpj.com,18080
BRC-mcm02 week 4-1,roxanne.irvin@gpj.com,18080
BRC-tbz03 week 1,amy.garrison@ghertner.com,17983
BRC-tbz03 week 2,amy.garrison@ghertner.com,17983
BRC-tbz03 week 3,amy.garrison@ghertner.com,17983
BRC-tbz03 week 4,amy.garrison@ghertner.com,17983
BRC-tbz02 wk 2,LSchween@ghp1.com,18064
BRC-tbz02 wk 4,LSchween@ghp1.com,18064
BRC-tbz02 wk 2,chris@gwcg.com,18149
BRC-tbz02 wk 4,chris@gwcg.com,18149
BRC-tbz01 week 1,goodallaccountspayable@goodallhomes.com,18107
BRC-tbz01 week 3,goodallaccountspayable@goodallhomes.com,18107
BRC-wbz02 week 1,goodallaccountspayable@goodallhomes.com,18107
BRC-wbz02 week 2,goodallaccountspayable@goodallhomes.com,18107
BRC-wbz02 week 3,goodallaccountspayable@goodallhomes.com,18107
BRC-wbz02 week 4,goodallaccountspayable@goodallhomes.com,18107
BRC-wbz01 week 2,OAS.ElectronicInvoices@tn.gov,17976
BRC-wbz01 week 4,OAS.ElectronicInvoices@tn.gov,17976
BRC-rbz02 week 1,paul.dornan@sfmservice.com,18100
BRC-rbz02 week 2,paul.dornan@sfmservice.com,18100
BRC-rbz02 week 3,paul.dornan@sfmservice.com,18100
BRC-rbz02 week 4,paul.dornan@sfmservice.com,18100
BRC-tbz01 week 2,lonnie@greaternashvillerealtors.org,18037
BRC-tbz01 week 4,lonnie@greaternashvillerealtors.org,18037
BRC-rcm01 week 1,Shannon@gruhn.com,18158
BRC-rcm01 week 2,Shannon@gruhn.com,18158
BRC-rcm01 week 3,Shannon@gruhn.com,18158
BRC-rcm01 week 4,Shannon@gruhn.com,18158
BRC-tbz03 week 1,accounting@hon.org,18137
BRC-tbz03 week 3,accounting@hon.org,18137
BRC-tbz02 wk 1,HGibbs@hastingsarchitecture.com,18108
BRC-tbz02 wk 2,HGibbs@hastingsarchitecture.com,18108
BRC-tbz02 wk 3,HGibbs@hastingsarchitecture.com,18108
BRC-tbz02 wk 4,HGibbs@hastingsarchitecture.com,18108
BRC-fbz01 week 1,johns@hathornenashville.com,18134
BRC-fbz01 week 2,johns@hathornenashville.com,18134
BRC-fbz01 week 3,johns@hathornenashville.com,18134
BRC-fbz01 week 4,johns@hathornenashville.com,18134
BRC-fbz01 week 2,katherine.brown@hdarchitects.com,18025
BRC-fbz01 week 4,katherine.brown@hdarchitects.com,18025
BRC-tbz03 week 2,ben.taylor@healinginnovations.com,18090
BRC-tbz03 week 4,ben.taylor@healinginnovations.com,18090
BRC-tbz02 wk 2,robyn.evans@healthstream.com,17962
BRC-mcm01 week 2,admin@heifranklin.com,18175
BRC-mcm01 week 4,admin@heifranklin.com,18175
BRC-wbz02 week 1,BOGuin@hendersonville.org,18109
BRC-wbz02 week 2,BOGuin@hendersonville.org,18109
BRC-wbz02 week 3,BOGuin@hendersonville.org,18109
BRC-wbz02 week 4,BOGuin@hendersonville.org,18109
BRC-mcm01 week 1,sheryl.seifert@henkel.com,18178
BRC-mcm01 week 3,sheryl.seifert@henkel.com,18178
BRC-rcm01 week 2,florence@heritagegroupusa.com,18157
BRC-rcm01 week 4,florence@heritagegroupusa.com,18157
BRC-tbz03 week 3,accounting@hqdirect.com,18001
BRC-rcm01 week 2,amurray@i3verticals.com,18143
BRC-rcm01 week 4,amurray@i3verticals.com,18143
BRC-tbz01 week 2,AccountsPayable@inovapayroll.com,18060
BRC-tbz01 week 4,AccountsPayable@inovapayroll.com,18060
BRC-fbz01 week 1,Facilities-Atlanta@am.jll.com,17925
BRC-fbz01 week 2,Facilities-Atlanta@am.jll.com,17925
BRC-fbz01 week 3,Facilities-Atlanta@am.jll.com,17925
BRC-fbz01 week 4,Facilities-Atlanta@am.jll.com,17925
BRC-wbz01 week 1,accountspayable@jwmcd.com,18024
BRC-tbz01 week 2,jcarpenter@jjca.com,18023
BRC-tbz01 week 4,jcarpenter@jjca.com,18023
BRC-rbz02 week 2,jkilpatrick@livejones.com,18022
BRC-rbz02 week 4,jkilpatrick@livejones.com,18022
BRC-tbz02 wk 1,kristen@kaygriffin.com,17984
BRC-tbz02 wk 3,kristen@kaygriffin.com,17984
BRC-tbz02 wk 2,Princess.Raine@kci.com,18067
BRC-tbz02 wk 4,Princess.Raine@kci.com,18067
BRC-tbz03 week 1,betsy.chandler@freemanwebb.com,17985
BRC-tbz03 week 3,betsy.chandler@freemanwebb.com,17985
BRC-rbz02 week 1,missy.Evans@lbmc.com,18038
BRC-rbz02 week 3,missy.Evans@lbmc.com,18038
BRC-tbz02 wk 1,sgordon@leader.law,18020
BRC-tbz02 wk 3,sgordon@leader.law,18020
BRC-rbz02 week 2,candace@lsplaw.net,18072
BRC-rbz02 week 4,candace@lsplaw.net,18072
BRC-mcm02 week 1-1,frcash@LKQCORP.com,17986
BRC-mcm02 week 2-1,frcash@LKQCORP.com,17986
BRC-mcm02 week 3-1,frcash@LKQCORP.com,17986
BRC-mcm02 week 4-1,frcash@LKQCORP.com,17986
BRC-wbz02 week 1,cara@lockelandtable.com,17924
BRC-wbz02 week 2,cara@lockelandtable.com,17924
BRC-wbz02 week 3,cara@lockelandtable.com,17924
BRC-wbz02 week 4,cara@lockelandtable.com,17924
BRC-wbz01 week 1,marqueemgr@lincolnapts.com,18110
BRC-wbz01 week 2,marqueemgr@lincolnapts.com,18110
BRC-wbz01 week 3,marqueemgr@lincolnapts.com,18110
BRC-wbz01 week 4,marqueemgr@lincolnapts.com,18110
BRC-tbz03 week 1,walls-t@us.benichu.com,18019
BRC-tbz03 week 3,walls-t@us.benichu.com,18019
BRC-tbz02 wk 1,mbeard@mpf.com,17987
BRC-tbz02 wk 2,mbeard@mpf.com,17987
BRC-tbz02 wk 3,mbeard@mpf.com,17987
BRC-tbz02 wk 4,mbeard@mpf.com,17987
BRC-tbz03 week 1,carol@capitalcorporation.net,17980
BRC-tbz03 week 3,carol@capitalcorporation.net,17980
BRC-tbz02 wk 2,carol@capitalcorporation.net,17980
BRC-tbz02 wk 4,carol@capitalcorporation.net,17980
BRC-tbz03 week 2,pat.miller@millenniumhotels.com,18018
BRC-tbz03 week 1,shaun@nashvilleprinting.com,18136
BRC-tbz03 week 2,shaun@nashvilleprinting.com,18136
BRC-tbz03 week 3,shaun@nashvilleprinting.com,18136
BRC-tbz03 week 4,shaun@nashvilleprinting.com,18136
BRC-rbz02 week 1,asitter@montessoriacad.org,18091
BRC-rbz02 week 2,asitter@montessoriacad.org,18091
BRC-rbz02 week 3,asitter@montessoriacad.org,18091
BRC-rbz02 week 4,asitter@montessoriacad.org,18091
BRC-tbz02 wk 1,nsmith@moodynolan.com,18144
BRC-tbz02 wk 3,nsmith@moodynolan.com,18144
BRC-tbz02 wk 2,MLANE@NASBA.ORG,17988
BRC-tbz02 wk 4,MLANE@NASBA.ORG,17988
BRC-fbz01 week 1,sherrie@nashvillehumane.org,18145
BRC-fbz01 week 2,sherrie@nashvillehumane.org,18145
BRC-fbz01 week 3,sherrie@nashvillehumane.org,18145
BRC-fbz01 week 4,sherrie@nashvillehumane.org,18145
BRC-rcm01 week 2,andrew@nashvillemotorcyclerepair.com,18094
BRC-rcm01 week 4,andrew@nashvillemotorcyclerepair.com,18094
BRC-tbz03 week 2,carl@wpln.org,18142
BRC-tbz03 week 4,carl@wpln.org,18142
BRC-tbz02 wk 1,accounting@fwpublishing.com,18017
BRC-tbz02 wk 3,accounting@fwpublishing.com,18017
BRC-tbz01 week 2,soneill@nashvillevetderm.com,18163
BRC-tbz01 week 4,soneill@nashvillevetderm.com,18163
BRC-mcm01 week 2,ckeaton@nashvillevetspecialists.com,18052
BRC-mcm01 week 4,ckeaton@nashvillevetspecialists.com,18052
BRC-mcm02 week 1-1,ckeaton@nashvillevetspecialists.com,18052
BRC-mcm02 week 3-1,ckeaton@nashvillevetspecialists.com,18052
BRC-rcm01 week 1,Billing@nephilaadvisors.com,18033
BRC-rcm01 week 3,Billing@nephilaadvisors.com,18033
BRC-rbz02 week 1,dawn.reed@northhighland.com,18015
BRC-rbz02 week 3,dawn.reed@northhighland.com,18015
BRC-tbz01 week 1,ap@oriusa.com,18046
BRC-tbz01 week 3,ap@oriusa.com,18046
BRC-tbz02 wk 2,dana.holsomback@ogletree.com,18112
BRC-tbz02 wk 4,dana.holsomback@ogletree.com,18112
BRC-wbz01 week 1,kmack@conservice.com,18113
BRC-wbz01 week 2,kmack@conservice.com,18113
BRC-wbz01 week 3,kmack@conservice.com,18113
BRC-wbz01 week 4,kmack@conservice.com,18113
BRC-tbz02 wk 2,brec@unicoprop.com,18077
BRC-tbz02 wk 4,brec@unicoprop.com,18077
BRC-rbz02 week 1,jmoseley@orionbldg.com,18014
BRC-tbz02 wk 2,margaret.brandon@ourkidscenter.com,18044
BRC-mcm01 week 1,allison@issolutions.biz,18114
BRC-mcm01 week 2,allison@issolutions.biz,18114
BRC-mcm01 week 3,allison@issolutions.biz,18114
BRC-mcm01 week 4,allison@issolutions.biz,18114
BRC-rcm01 week 1,allison@issolutions.biz,18114
BRC-rcm01 week 2,allison@issolutions.biz,18114
BRC-rcm01 week 3,allison@issolutions.biz,18114
BRC-rcm01 week 4,allison@issolutions.biz,18114
BRC-wbz01 week 1,ccheek@parmanenergy.com,18013
BRC-wbz01 week 3,ccheek@parmanenergy.com,18013
BRC-tbz03 week 1,cd.clark@parmanenergy.com,18071
BRC-tbz03 week 3,cd.clark@parmanenergy.com,18071
BRC-tbz03 week 3,Donna.Robinson@pathwaylending.org,18011
BRC-wbz02 week 1,hannah@pfeffertorode.com,18070
BRC-wbz02 week 2,hannah@pfeffertorode.com,18070
BRC-wbz02 week 3,hannah@pfeffertorode.com,18070
BRC-wbz02 week 4,hannah@pfeffertorode.com,18070
BRC-tbz01 week 2,cnelson@grfllp.com,18167
BRC-tbz01 week 4,cnelson@grfllp.com,18167
BRC-wbz01 week 1,kelsie.myers@pinnacleskin.com,18055
BRC-wbz01 week 3,kelsie.myers@pinnacleskin.com,18055
BRC-rbz02 week 1,rhonda.smotherman@PremiseHealth.com,17973
BRC-rbz02 week 3,rhonda.smotherman@PremiseHealth.com,17973
BRC-rbz02 week 1,rhonda.smotherman@PremiseHealth.com,17973
BRC-rbz02 week 3,rhonda.smotherman@PremiseHealth.com,17973
BRC-rcm01 week 1,Kristy@assocresources.com,18010
BRC-rcm01 week 3,Kristy@assocresources.com,18010
BRC-tbz03 week 1,kbaker@poweredbyprisma.com,18169
BRC-tbz03 week 3,kbaker@poweredbyprisma.com,18169
BRC-tbz02 wk 4,nlallatin@projectreturninc.org,18099
BRC-mcm01 week 4,Andrew.Stines@sonymusic.com,18152
BRC-rcm01 week 1,bhughes@purposeprep.org,18050
BRC-rcm01 week 2,bhughes@purposeprep.org,18050
BRC-rcm01 week 3,bhughes@purposeprep.org,18050
BRC-rcm01 week 4,bhughes@purposeprep.org,18050
BRC-tbz03 week 1,bhughes@purposeprep.org,18050
BRC-tbz03 week 2,bhughes@purposeprep.org,18050
BRC-tbz03 week 3,bhughes@purposeprep.org,18050
BRC-tbz03 week 4,bhughes@purposeprep.org,18050
BRC-rbz02 week 1,lkinkel@ramboll.com,17967
BRC-rbz02 week 2,lkinkel@ramboll.com,17967
BRC-rbz02 week 3,lkinkel@ramboll.com,17967
BRC-rbz02 week 4,lkinkel@ramboll.com,17967
BRC-wbz02 week 1,dawnlinn@gmail.com,18115
BRC-wbz02 week 2,dawnlinn@gmail.com,18115
BRC-wbz02 week 3,dawnlinn@gmail.com,18115
BRC-wbz02 week 4,dawnlinn@gmail.com,18115
BRC-wbz02 week 1,scarver@RedCedarGlen.org,18116
BRC-wbz02 week 2,scarver@RedCedarGlen.org,18116
BRC-wbz02 week 3,scarver@RedCedarGlen.org,18116
BRC-wbz02 week 4,scarver@RedCedarGlen.org,18116
BRC-mcm01 week 1,WMSBSCurrMonthInv@wm.com,17933
BRC-mcm01 week 2,WMSBSCurrMonthInv@wm.com,17933
BRC-mcm01 week 3,WMSBSCurrMonthInv@wm.com,17933
BRC-mcm01 week 4,WMSBSCurrMonthInv@wm.com,17933
BRC-wbz02 week 1,juliea@reliantrealty.com,17051
BRC-wbz02 week 3,juliea@reliantrealty.com,17051
BRC-tbz01 week 1,juliea@reliantrealty.com,17051
BRC-tbz01 week 3,juliea@reliantrealty.com,17051
BRC-wbz02 week 2,Justin@remedybonebroth.com,18166
BRC-fbz01 week 1,srigby@renasant.com,18028
BRC-wbz01 week 2,lori.glover@resourcelabel.com,18154
BRC-wbz01 week 4,lori.glover@resourcelabel.com,18154
BRC-wbz01 week 1,robert@rfdtv.com,18127
BRC-wbz01 week 3,robert@rfdtv.com,18127
BRC-rcm01 week 1,michael.hagewood@fsresidential.com,17978
BRC-rcm01 week 2,michael.hagewood@fsresidential.com,17978
BRC-rcm01 week 3,michael.hagewood@fsresidential.com,17978
BRC-rcm01 week 4,michael.hagewood@fsresidential.com,17978
BRC-wbz02 week 2,bderseweh@rgpeds.com,18009
BRC-wbz02 week 4,bderseweh@rgpeds.com,18009
BRC-mcm01 week 1,sfrogge@rockcityconstruction.com,18180
BRC-mcm01 week 3,sfrogge@rockcityconstruction.com,18180
BRC-mcm02 week 2-1,kelly@gomailgreen.com,18042
BRC-mcm02 week 4-1,kelly@gomailgreen.com,18042
BRC-wbz02 week 1,ap@rodem.com,18117
BRC-wbz02 week 3,ap@rodem.com,18117
BRC-tbz01 week 1,klawrence@fmccpa.com,18008
BRC-tbz01 week 3,klawrence@fmccpa.com,18008
BRC-tbz01 week 4,ap@smeinc.com,17975
BRC-rcm01 week 1,leigh@thecordelle.com,18089
BRC-rcm01 week 2,leigh@thecordelle.com,18089
BRC-rcm01 week 3,leigh@thecordelle.com,18089
BRC-rcm01 week 4,leigh@thecordelle.com,18089
BRC-mcm01 week 1,Shawn.Anthoney@engie.com,18507
BRC-mcm01 week 2,Shawn.Anthoney@engie.com,18507
BRC-mcm01 week 3,Shawn.Anthoney@engie.com,18507
BRC-mcm01 week 4,Shawn.Anthoney@engie.com,18507
CSpring Starbucks 2,Shawn.Anthoney@engie.com,18507
BRC-wbz02 week 1,Shawn.Anthoney@engie.com,18507
BRC-wbz02 week 2,Shawn.Anthoney@engie.com,18507
BRC-wbz02 week 3,Shawn.Anthoney@engie.com,18507
BRC-wbz02 week 4,Shawn.Anthoney@engie.com,18507
BRC-tbz03 week 1,Shawn.Anthoney@engie.com,18507
BRC-tbz03 week 2,Shawn.Anthoney@engie.com,18507
BRC-tbz03 week 3,Shawn.Anthoney@engie.com,18507
BRC-tbz03 week 4,Shawn.Anthoney@engie.com,18507
CSpring Starbucks 2,Shawn.Anthoney@engie.com,18507
BRC-tbz03 week 1,Shawn.Anthoney@engie.com,18507
BRC-tbz03 week 2,Shawn.Anthoney@engie.com,18507
BRC-tbz03 week 3,Shawn.Anthoney@engie.com,18507
BRC-tbz03 week 4,Shawn.Anthoney@engie.com,18507
BRC-mcm01 week 1,Shawn.Anthoney@engie.com,18507
BRC-mcm01 week 2,Shawn.Anthoney@engie.com,18507
BRC-mcm01 week 3,Shawn.Anthoney@engie.com,18507
BRC-mcm01 week 4,Shawn.Anthoney@engie.com,18507
CSpring Starbucks 2,Shawn.Anthoney@engie.com,18507
BRC-mcm01 week 1,Shawn.Anthoney@engie.com,18507
BRC-mcm01 week 2,Shawn.Anthoney@engie.com,18507
BRC-mcm01 week 3,Shawn.Anthoney@engie.com,18507
BRC-mcm01 week 4,Shawn.Anthoney@engie.com,18507
BRC-wbz01 week 1,Shawn.Anthoney@engie.com,18507
BRC-wbz01 week 2,Shawn.Anthoney@engie.com,18507
BRC-wbz01 week 3,Shawn.Anthoney@engie.com,18507
BRC-wbz01 week 4,Shawn.Anthoney@engie.com,18507
CSpring Starbucks,Shawn.Anthoney@engie.com,18507
BRC-wbz01 week 1,Shawn.Anthoney@engie.com,18507
BRC-wbz01 week 2,Shawn.Anthoney@engie.com,18507
BRC-wbz01 week 3,Shawn.Anthoney@engie.com,18507
BRC-wbz01 week 4,Shawn.Anthoney@engie.com,18507
BRC-mcm01 week 1,Shawn.Anthoney@engie.com,18507
BRC-mcm01 week 2,Shawn.Anthoney@engie.com,18507
BRC-mcm01 week 3,Shawn.Anthoney@engie.com,18507
BRC-mcm01 week 4,Shawn.Anthoney@engie.com,18507
BRC-wbz01 week 1,Shawn.Anthoney@engie.com,18507
BRC-wbz01 week 2,Shawn.Anthoney@engie.com,18507
BRC-wbz01 week 3,Shawn.Anthoney@engie.com,18507
BRC-wbz01 week 4,Shawn.Anthoney@engie.com,18507
CSpring Starbucks,Shawn.Anthoney@engie.com,18507
BRC-mcm01 week 1,Shawn.Anthoney@engie.com,18507
BRC-mcm01 week 2,Shawn.Anthoney@engie.com,18507
BRC-mcm01 week 3,Shawn.Anthoney@engie.com,18507
BRC-mcm01 week 4,Shawn.Anthoney@engie.com,18507
BRC-fbz01 week 1,Shawn.Anthoney@engie.com,18507
BRC-fbz01 week 2,Shawn.Anthoney@engie.com,18507
BRC-fbz01 week 3,Shawn.Anthoney@engie.com,18507
BRC-fbz01 week 4,Shawn.Anthoney@engie.com,18507
BRC-mcm02 week 1-1,Shawn.Anthoney@engie.com,18507
BRC-mcm02 week 2-1,Shawn.Anthoney@engie.com,18507
BRC-mcm02 week 3-1,Shawn.Anthoney@engie.com,18507
BRC-mcm02 week 4-1,Shawn.Anthoney@engie.com,18507
BRC-wbz01 week 1,Shawn.Anthoney@engie.com,18507
BRC-wbz01 week 2,Shawn.Anthoney@engie.com,18507
BRC-wbz01 week 3,Shawn.Anthoney@engie.com,18507
BRC-wbz01 week 4,Shawn.Anthoney@engie.com,18507
BRC-fbz01 week 1,Shawn.Anthoney@engie.com,18507
BRC-fbz01 week 2,Shawn.Anthoney@engie.com,18507
BRC-fbz01 week 3,Shawn.Anthoney@engie.com,18507
BRC-fbz01 week 4,Shawn.Anthoney@engie.com,18507
BRC-mcm01 week 1,Shawn.Anthoney@engie.com,18507
BRC-mcm01 week 2,Shawn.Anthoney@engie.com,18507
BRC-mcm01 week 3,Shawn.Anthoney@engie.com,18507
BRC-mcm01 week 4,Shawn.Anthoney@engie.com,18507
BRC-wbz01 week 1,Shawn.Anthoney@engie.com,18507
BRC-wbz01 week 2,Shawn.Anthoney@engie.com,18507
BRC-wbz01 week 3,Shawn.Anthoney@engie.com,18507
BRC-wbz01 week 4,Shawn.Anthoney@engie.com,18507
BRC-mcm02 week 1-1,ap@wasteharmonics.com,18237
BRC-mcm02 week 2-1,ap@wasteharmonics.com,18237
BRC-mcm02 week 3-1,ap@wasteharmonics.com,18237
BRC-mcm02 week 4-1,ap@wasteharmonics.com,18237
BRC-mcm02 week 1-1,ap@wasteharmonics.com,18237
BRC-mcm02 week 2-1,ap@wasteharmonics.com,18237
BRC-mcm02 week 3-1,ap@wasteharmonics.com,18237
BRC-mcm02 week 4-1,ap@wasteharmonics.com,18237
BRC-mcm02 week 1-1,ap@wasteharmonics.com,18237
BRC-mcm02 week 2-1,ap@wasteharmonics.com,18237
BRC-mcm02 week 3-1,ap@wasteharmonics.com,18237
BRC-mcm02 week 4-1,ap@wasteharmonics.com,18237
BRC-wbz01 week 3,ckonieczny@sesac.com,17053
BRC-tbz02 wk 1,sixthandtaylor@bill.com,18118
BRC-tbz02 wk 2,sixthandtaylor@bill.com,18118
BRC-tbz02 wk 3,sixthandtaylor@bill.com,18118
BRC-tbz02 wk 4,sixthandtaylor@bill.com,18118
BRC-tbz01 week 1,accounting@slumerican.com,18101
BRC-tbz01 week 2,accounting@slumerican.com,18101
BRC-tbz01 week 3,accounting@slumerican.com,18101
BRC-tbz01 week 4,accounting@slumerican.com,18101
BRC-tbz02 wk 2,kdobbins@smithgeestudio.com,17963
BRC-tbz02 wk 4,kdobbins@smithgeestudio.com,17963
BRC-wbz01 week 1,katelyn@smnutrition.com,18097
BRC-wbz01 week 3,katelyn@smnutrition.com,18097
BRC-fbz01 week 2,invoices4sms@avidbill.com,17989
BRC-fbz01 week 4,invoices4sms@avidbill.com,17989
BRC-tbz01 week 1,Bobby.Strickland@sonyatv.com,18007
BRC-tbz01 week 3,Bobby.Strickland@sonyatv.com,18007
BRC-tbz01 week 2,mperez@trla.org,18006
BRC-wbz01 week 2,cvoiles@stbs.net,18029
BRC-wbz01 week 4,cvoiles@stbs.net,18029
BRC-wbz01 week 1,ltoomey@stbernard.org,18172
BRC-wbz01 week 3,ltoomey@stbernard.org,18172
BRC-wbz02 week 2,d.francis@hndllc.com,17990
BRC-wbz02 week 4,d.francis@hndllc.com,17990
BRC-wbz01 week 2,d.francis@hndllc.com,17990
BRC-wbz01 week 4,d.francis@hndllc.com,17990
BRC-fbz01 week 1,jason.capps@woodresidential.com,18034
BRC-fbz01 week 2,jason.capps@woodresidential.com,18034
BRC-fbz01 week 3,jason.capps@woodresidential.com,18034
BRC-fbz01 week 4,jason.capps@woodresidential.com,18034
BRC-mcm01 week 1,jason.capps@woodresidential.com,18034
BRC-mcm01 week 2,jason.capps@woodresidential.com,18034
BRC-mcm01 week 3,jason.capps@woodresidential.com,18034
BRC-mcm01 week 4,jason.capps@woodresidential.com,18034
BRC-wbz01 week 1,jason.capps@woodresidential.com,18034
BRC-wbz01 week 2,jason.capps@woodresidential.com,18034
BRC-wbz01 week 3,jason.capps@woodresidential.com,18034
BRC-wbz01 week 4,jason.capps@woodresidential.com,18034
BRC-tbz02 wk 1,jason.capps@woodresidential.com,18034
BRC-tbz02 wk 3,jason.capps@woodresidential.com,18034
BRC-tbz02 wk 1,stacia.hutcherson@STITES.COM,17974
BRC-tbz02 wk 2,stacia.hutcherson@STITES.COM,17974
BRC-tbz02 wk 3,stacia.hutcherson@STITES.COM,17974
BRC-tbz02 wk 4,stacia.hutcherson@STITES.COM,17974
BRC-tbz02 wk 1,jody.boles@freemanwebb.com,18119
BRC-tbz02 wk 2,jody.boles@freemanwebb.com,18119
BRC-tbz02 wk 3,jody.boles@freemanwebb.com,18119
BRC-tbz02 wk 4,jody.boles@freemanwebb.com,18119
BRC-wbz02 week 2,eboyd@superioroil.com,18031
BRC-wbz02 week 4,eboyd@superioroil.com,18031
BRC-rbz02 week 1,reneet@svmic.com,18131
BRC-rbz02 week 2,reneet@svmic.com,18131
BRC-rbz02 week 3,reneet@svmic.com,18131
BRC-rbz02 week 4,reneet@svmic.com,18131
BRC-tbz02 wk 2,Justine.Liddelow@tag-group.com,18176
BRC-tbz02 wk 4,Justine.Liddelow@tag-group.com,18176
BRC-wbz02 week 1,KSarcona@tbn.tv,18120
BRC-wbz02 week 3,KSarcona@tbn.tv,18120
BRC-tbz03 week 4,Jennifer.Gelfand@tn.gov,18132
BRC-tbz03 week 2,sjustice-mccray@tnbankers.org,17991
BRC-tbz03 week 4,sjustice-mccray@tnbankers.org,17991
BRC-mcm02 week 2-1,jdargavel@newmarketwaste.com,18005
BRC-mcm02 week 4-1,jdargavel@newmarketwaste.com,18005
BRC-wbz02 week 2,beth_t@tndisability.org,18181
BRC-wbz02 week 4,beth_t@tndisability.org,18181
BRC-tbz03 week 3,Laura.Ragan@tn.gov,17926
BRC-rbz02 week 1,THApayables@tha.com,17992
BRC-rbz02 week 3,THApayables@tha.com,17992
BRC-tbz01 week 2,griffinhm@toa.com,18045
BRC-tbz01 week 4,griffinhm@toa.com,18045
BRC-tbz03 week 1,AP@tenh.com,17996
BRC-tbz03 week 3,AP@tenh.com,17996
BRC-rcm01 week 3,karelle@karellejohnson.com,18082
BRC-wbz02 week 2,wgraham@svp.vet,18121
BRC-wbz02 week 4,wgraham@svp.vet,18121
BRC-tbz03 week 1,ben@bethehive.com,18135
BRC-tbz03 week 2,ben@bethehive.com,18135
BRC-tbz03 week 3,ben@bethehive.com,18135
BRC-tbz03 week 4,ben@bethehive.com,18135
BRC-wbz02 week 1,ben@bethehive.com,18135
BRC-wbz02 week 2,ben@bethehive.com,18135
BRC-wbz02 week 3,ben@bethehive.com,18135
BRC-wbz02 week 4,ben@bethehive.com,18135
BRC-wbz02 week 1,jallen@buntingroup.com,18122
BRC-wbz02 week 3,jallen@buntingroup.com,18122
BRC-glass01 week 1-4,nealy@thecordelle.com,18032
BRC-glass01 week 2-4,nealy@thecordelle.com,18032
BRC-glass01 week 3-4,nealy@thecordelle.com,18032
BRC-glass01 week 4-4,nealy@thecordelle.com,18032
BRC-rcm01 week 1,nealy@thecordelle.com,18032
BRC-rcm01 week 2,nealy@thecordelle.com,18032
BRC-rcm01 week 3,nealy@thecordelle.com,18032
BRC-rcm01 week 4,nealy@thecordelle.com,18032
BRC-tbz02 wk 2,nashvilleec@bill.com,17972
BRC-tbz02 wk 4,nashvilleec@bill.com,17972
BRC-tbz03 week 1,accountspayable@gideons.org,17993
BRC-tbz03 week 3,accountspayable@gideons.org,17993
BRC-fbz01 week 1,bobbi@greenhousenash.com,18147
BRC-fbz01 week 2,bobbi@greenhousenash.com,18147
BRC-fbz01 week 3,bobbi@greenhousenash.com,18147
BRC-fbz01 week 4,bobbi@greenhousenash.com,18147
BRC-glass01 week 1-4,bobbi@greenhousenash.com,18147
BRC-glass01 week 2-4,bobbi@greenhousenash.com,18147
BRC-glass01 week 3-4,bobbi@greenhousenash.com,18147
BRC-glass01 week 4-4,bobbi@greenhousenash.com,18147
BRC-mcm01 week 2,bobbi@greenhousenash.com,18147
BRC-mcm01 week 4,bobbi@greenhousenash.com,18147
BRC-mcm02 week 1-1,bobbi@greenhousenash.com,18147
BRC-mcm02 week 3-1,bobbi@greenhousenash.com,18147
BRC-wbz01 week 1,bobbi@greenhousenash.com,18147
BRC-wbz01 week 2,bobbi@greenhousenash.com,18147
BRC-wbz01 week 3,bobbi@greenhousenash.com,18147
BRC-wbz01 week 4,bobbi@greenhousenash.com,18147
BRC-wbz01 week 1,diana.andrew@healingtrust.org,17949
BRC-rcm01 week 2,teresa@paragontn.com,18508
BRC-rcm01 week 4,teresa@paragontn.com,18508
BRC-fbz01 week 1,info@thenashvillefoodproject.org,18123
BRC-fbz01 week 2,info@thenashvillefoodproject.org,18123
BRC-fbz01 week 3,info@thenashvillefoodproject.org,18123
BRC-fbz01 week 4,info@thenashvillefoodproject.org,18123
BRC-tbz02 wk 1,Andrea@tomkats.com,18004
BRC-tbz02 wk 3,Andrea@tomkats.com,18004
BRC-fbz01 week 1,bburnett@tennessean.com,18066
BRC-fbz01 week 2,bburnett@tennessean.com,18066
BRC-fbz01 week 3,bburnett@tennessean.com,18066
BRC-fbz01 week 4,bburnett@tennessean.com,18066
BRC-fbz01 week 1,cooper@thirdmanrecords.com,17977
BRC-fbz01 week 2,cooper@thirdmanrecords.com,17977
BRC-fbz01 week 3,cooper@thirdmanrecords.com,17977
BRC-fbz01 week 4,cooper@thirdmanrecords.com,17977
BRC-rcm01 week 1,cooper@thirdmanrecords.com,17977
BRC-rcm01 week 2,cooper@thirdmanrecords.com,17977
BRC-rcm01 week 3,cooper@thirdmanrecords.com,17977
BRC-rcm01 week 4,cooper@thirdmanrecords.com,17977
BRC-tbz02 wk 1,cooper@thirdmanrecords.com,17977
BRC-tbz02 wk 2,cooper@thirdmanrecords.com,17977
BRC-tbz02 wk 3,cooper@thirdmanrecords.com,17977
BRC-tbz02 wk 4,cooper@thirdmanrecords.com,17977
BRC-tbz02 wk 2,todd.t@thomasandhutton.com,18051
BRC-tbz02 wk 4,todd.t@thomasandhutton.com,18051
BRC-fbz01 week 2,skye@thompsonburton.com,18168
BRC-fbz01 week 4,skye@thompsonburton.com,18168
BRC-wbz01 week 1,teresa@paragontn.com,18508
BRC-wbz01 week 2,teresa@paragontn.com,18508
BRC-wbz01 week 3,teresa@paragontn.com,18508
BRC-wbz01 week 4,teresa@paragontn.com,18508
BRC-mcm01 week 1,Julia.Greatrex@rubicon.com,18138
BRC-mcm01 week 2,Julia.Greatrex@rubicon.com,18138
BRC-mcm01 week 3,Julia.Greatrex@rubicon.com,18138
BRC-mcm01 week 4,Julia.Greatrex@rubicon.com,18138
BRC-rbz02 week 1,Julia.Greatrex@rubicon.com,18138
BRC-rbz02 week 2,Julia.Greatrex@rubicon.com,18138
BRC-rbz02 week 3,Julia.Greatrex@rubicon.com,18138
BRC-rbz02 week 4,Julia.Greatrex@rubicon.com,18138
BRC-rbz02 week 2,ap@trcww.com,18002
BRC-rbz02 week 4,ap@trcww.com,18002
BRC-rcm01 week 2,dkoon@trevecca.church,18073
BRC-rcm01 week 4,dkoon@trevecca.church,18073
BRC-tbz01 week 2,slowery@tcco.com,18125
BRC-tbz01 week 4,slowery@tcco.com,18125
BRC-mcm02 week 1-1,Thomas.johns@twbcompany.com,18047
BRC-mcm02 week 2-1,Thomas.johns@twbcompany.com,18047
BRC-mcm02 week 3-1,Thomas.johns@twbcompany.com,18047
BRC-mcm02 week 4-1,Thomas.johns@twbcompany.com,18047
BRC-tbz01 week 1,Tammy.Helm@umusic.com,18000
BRC-tbz01 week 3,Tammy.Helm@umusic.com,18000
BRC-tbz03 week 2,abottomley@urbanexpro.com,18140
BRC-tbz03 week 4,abottomley@urbanexpro.com,18140
BRC-tbz03 week 1,cindy.gibbs@avisonyoung.com,18086
BRC-tbz03 week 3,cindy.gibbs@avisonyoung.com,18086
BRC-tbz01 week 2,felicia.roberts@tennessee.edu,#N/A
BRC-tbz01 week 4,felicia.roberts@tennessee.edu,#N/A
BRC-fbz01 week 1,waverly.demers@vumc.org,17999
BRC-fbz01 week 1,angela.r.roberts@vumc.org,17981
BRC-fbz01 week 2,angela.r.roberts@vumc.org,17981
BRC-fbz01 week 3,angela.r.roberts@vumc.org,17981
BRC-fbz01 week 4,angela.r.roberts@vumc.org,17981
BRC-fbz01 week 1,deloris.clark@vanderbilt.edu,17994
BRC-fbz01 week 3,deloris.clark@vanderbilt.edu,17994
BRC-fbz01 week 2,melita.rippy@vumc.org,18063
BRC-fbz01 week 4,melita.rippy@vumc.org,18063
BRC-fbz01 week 1,adriana.gaitan@vumc.org,18035
BRC-fbz01 week 3,adriana.gaitan@vumc.org,18035
BRC-fbz01 week 4,dacsupplies@vumc.org,18041
BRC-rcm01 week 2,ap@velocityrisk.com,18039
BRC-wbz01 week 1,accounting@parks-village.com,17995
BRC-wbz01 week 2,accounting@parks-village.com,17995
BRC-wbz01 week 3,accounting@parks-village.com,17995
BRC-wbz01 week 4,accounting@parks-village.com,17995
BRC-rcm01 week 2,jessica.stieben@vmlyr.com,18084
BRC-tbz01 week 1,Michael.Eden@wmg.com,18076
BRC-tbz01 week 2,Michael.Eden@wmg.com,18076
BRC-tbz01 week 3,Michael.Eden@wmg.com,18076
BRC-tbz01 week 4,Michael.Eden@wmg.com,18076
BRC-tbz01 week 1,Michael.Eden@wmg.com,18076
BRC-tbz01 week 2,Michael.Eden@wmg.com,18076
BRC-tbz01 week 3,Michael.Eden@wmg.com,18076
BRC-tbz01 week 4,Michael.Eden@wmg.com,18076
BRC-mcm01 week 2,invoices@rubicon.com,18462
BRC-mcm01 week 4,invoices@rubicon.com,18462
BRC-wbz02 week 1,invoices@rubicon.com,18462
BRC-wbz02 week 2,invoices@rubicon.com,18462
BRC-wbz02 week 3,invoices@rubicon.com,18462
BRC-wbz02 week 4,invoices@rubicon.com,18462
BRC-fbz01 week 1,accountant@willscompany.com,17998
BRC-fbz01 week 2,accountant@willscompany.com,17998
BRC-fbz01 week 3,accountant@willscompany.com,17998
BRC-fbz01 week 4,accountant@willscompany.com,17998
BRC-wbz02 week 3,winnerschoice001@bellsouth.net,18126
BRC-rcm01 week 2,AMartinie@WMEAgency.com,18053
BRC-rcm01 week 4,AMartinie@WMEAgency.com,18053
BRC-rbz02 week 2,alice.miner@wsp.com,18486
BRC-rbz02 week 4,alice.miner@wsp.com,18486
BRC-fbz01 week 1,jherring@CommonwealthCommercial.com,18040
BRC-fbz01 week 3,jherring@CommonwealthCommercial.com,18040
BRC-rbz02 week 2,debra.skelly@WSP.com,18012
BRC-rbz02 week 4,debra.skelly@WSP.com,18012
BRC-mcm01 week 1,dstephens@wyliesteel.com,18049
BRC-mcm01 week 3,dstephens@wyliesteel.com,18049
BRC-mcm01 week 1,sam@zeitlin.com,18062
BRC-mcm01 week 3,sam@zeitlin.com,18062
BRC-rcm01 week 1,sam@zeitlin.com,18062
BRC-rcm01 week 3,sam@zeitlin.com,18062
